sep=,
object,collection,nVert,nFace,totSurface,Vol,planarity,mediaVX,mediaVY,mediaVZ,varVX,varVY,varVZ,mediaNX,mediaNY,mediaNZ,varNX,varNY,varNZ,eigv1,eigv2,eigv3,x1,y1,z1,x2,y2,z2,x3,y3,z3,XN_YN_ZN_x,XN_YN_ZN_y,XN_YN_ZN_z,XN_YN_ZP_x,XN_YN_ZP_y,XN_YN_ZP_z,XN_YP_ZN_x,XN_YP_ZN_y,XN_YP_ZN_z,XN_YP_ZP_x,XN_YP_ZP_y,XN_YP_ZP_z,XP_YN_ZN_x,XP_YN_ZN_y,XP_YN_ZN_z,XP_YN_ZP_x,XP_YN_ZP_y,XP_YN_ZP_z,XP_YP_ZN_x,XP_YP_ZN_y,XP_YP_ZN_z,XP_YP_ZP_x,XP_YP_ZP_y,XP_YP_ZP_z,objType
22,muroDonnafugataPietre,97,155,1.259,0.024,0.28,-0.959,-0.193,0.184,0.262,0.233,0.388,-0.06,-0.407,0.143,0.496,0.493,0.567,19.95,25.027,8.027,0.994,0.091,0.063,-0.11,0.874,0.474,-0.012,-0.478,0.878,0.468,0.531,0.474,0.486,0.633,0.364,0.771,0.465,0.302,0.481,0.425,0.576,0.219,0.709,0.53,0.381,0.538,0.645,0.613,0.619,0.418,0.393,0.608,0.561,granule
23,muroDonnafugataPietre,47,68,0.457,0.006,0.476,-1.568,-0.197,0.403,0.255,0.133,0.19,-0.071,-0.511,0.334,0.456,0.385,0.515,4.936,4.937,1.304,0.562,-0.229,0.795,0.048,0.968,0.245,-0.826,-0.1,0.555,0.292,0.613,0.624,0.543,0.483,0.592,0.0,0.0,0.0,0.182,0.162,0.964,0.122,0.922,0.31,0.319,0.639,0.558,0.183,0.647,0.69,0.546,0.147,0.701,sand
24,muroDonnafugataPietre,94,134,1.096,0.024,0.25,-2.279,0.065,-0.144,0.315,0.423,0.184,-0.186,-0.387,0.068,0.55,0.429,0.57,24.688,26.219,7.694,0.851,-0.055,0.523,0.526,0.087,-0.846,0.001,0.995,0.103,0.616,0.513,0.298,0.472,0.386,0.576,0.696,0.151,0.658,0.595,0.45,0.44,0.359,0.534,0.622,0.27,0.63,0.561,0.705,0.374,0.483,0.537,0.325,0.514,granule
25,muroDonnafugataPietre,45,53,0.529,0.005,0.5,-4.152,-0.052,0.463,0.238,0.067,0.296,-0.099,-0.651,0.095,0.426,0.427,0.439,5.175,6.469,1.743,0.836,-0.081,0.542,0.102,0.995,-0.008,-0.539,0.062,0.84,0.496,0.707,0.309,0.319,0.75,0.388,0.0,0.0,0.0,0.301,0.535,0.607,0.425,0.772,0.242,0.271,0.862,0.312,0.442,0.306,0.7,0.0,0.0,0.0,sand
26,muroDonnafugataPietre,79,107,1.358,0.033,0.27,-3.488,0.023,-0.07,0.385,0.29,0.297,0.247,-0.475,-0.086,0.514,0.434,0.503,20.915,18.415,11.326,0.576,0.32,-0.752,-0.806,0.374,-0.458,0.135,0.87,0.474,0.24,0.737,0.522,0.199,0.876,0.248,0.0,0.0,0.0,0.622,0.238,0.659,0.706,0.344,0.397,0.316,0.465,0.675,0.733,0.292,0.417,0.187,0.731,0.533,granule
27,muroDonnafugataPietre,15,17,0.079,0.001,0.973,-3.926,0.033,1.181,0.071,0.068,0.119,-0.413,-0.487,0.229,0.436,0.398,0.438,0.338,0.266,0.11,0.83,-0.411,0.378,0.407,0.909,0.094,-0.382,0.076,0.921,0.892,0.346,0.224,0.308,0.723,0.479,0.0,0.0,0.0,0.274,0.513,0.814,0.0,0.0,0.0,0.0,0.0,0.0,0.788,0.173,0.591,0.0,0.0,0.0,silt
28,muroDonnafugataPietre,63,94,0.72,0.007,0.393,-6.226,-0.073,-0.298,0.183,0.108,0.332,0.122,-0.546,0.185,0.514,0.38,0.494,8.639,8.241,2.698,0.867,0.481,0.13,-0.494,0.863,0.105,-0.062,-0.155,0.986,0.498,0.76,0.272,0.389,0.518,0.515,0.698,0.426,0.487,0.455,0.437,0.758,0.497,0.689,0.339,0.394,0.612,0.489,0.978,0.038,0.203,0.179,0.476,0.861,granule
29,muroDonnafugataPietre,70,94,1.371,0.024,0.55,-5.241,-0.076,-0.333,0.531,0.129,0.347,-0.083,-0.833,0.217,0.266,0.201,0.376,22.847,29.005,6.819,0.422,-0.014,-0.906,0.318,0.939,0.133,0.849,-0.344,0.401,0.272,0.772,0.479,0.232,0.825,0.353,0.0,0.0,0.0,0.0,0.0,0.0,0.143,0.973,0.135,0.174,0.835,0.344,0.0,0.0,0.0,0.0,0.0,0.0,granule
30,muroDonnafugataPietre,65,104,0.651,0.007,0.345,-4.571,-0.06,-0.008,0.342,0.117,0.186,-0.048,-0.427,0.171,0.433,0.521,0.572,9.456,9.331,2.721,0.249,-0.12,-0.961,0.894,0.411,0.181,0.373,-0.904,0.21,0.206,0.826,0.321,0.313,0.652,0.548,0.76,0.38,0.408,0.52,0.516,0.563,0.383,0.646,0.453,0.329,0.579,0.599,0.154,0.419,0.77,0.316,0.447,0.698,granule
31,muroDonnafugataPietre,44,56,0.563,0.005,0.483,-3.943,-0.173,-0.677,0.323,0.073,0.231,0.041,-0.59,0.156,0.39,0.478,0.495,5.401,6.7,2.202,0.373,0.122,-0.92,-0.219,0.975,0.04,0.902,0.186,0.39,0.298,0.906,0.224,0.324,0.617,0.491,0.0,0.0,0.0,0.798,0.581,0.158,0.354,0.789,0.272,0.275,0.47,0.675,0.0,0.0,0.0,0.381,0.888,0.246,sand
32,muroDonnafugataPietre,99,137,1.436,0.028,0.289,-3.096,-0.106,-0.87,0.284,0.288,0.345,0.014,-0.47,0.26,0.541,0.364,0.535,20.286,24.03,11.695,0.985,0.115,0.125,-0.167,0.799,0.577,-0.033,-0.59,0.807,0.322,0.702,0.442,0.526,0.548,0.487,0.0,0.0,0.0,0.397,0.156,0.859,0.394,0.635,0.47,0.513,0.41,0.589,0.0,0.0,0.0,0.675,0.273,0.537,granule
33,muroDonnafugataPietre,76,118,1.157,0.013,0.41,-5.78,-0.107,-1.129,0.408,0.132,0.233,-0.013,-0.605,-0.125,0.395,0.414,0.54,16.753,13.984,5.425,0.143,0.177,-0.974,-0.988,0.084,-0.13,0.059,0.981,0.187,0.219,0.579,0.582,0.303,0.692,0.471,0.757,0.556,0.303,0.643,0.467,0.343,0.305,0.675,0.5,0.233,0.876,0.252,0.0,0.0,0.0,0.071,0.549,0.833,granule
34,muroDonnafugataPietre,36,47,0.432,0.003,0.563,-4.601,-0.168,-1.097,0.285,0.08,0.133,-0.2,-0.652,-0.249,0.366,0.285,0.508,3.626,3.105,0.835,0.151,-0.106,-0.983,0.982,0.134,0.136,0.117,-0.985,0.124,0.317,0.673,0.463,0.434,0.544,0.506,0.492,0.07,0.868,0.0,0.0,0.0,0.317,0.654,0.572,0.25,0.934,0.168,0.0,0.0,0.0,0.0,0.0,0.0,sand
35,muroDonnafugataPietre,90,135,1.246,0.013,0.347,-3.799,-0.233,-1.637,0.356,0.104,0.346,-0.023,-0.526,0.065,0.546,0.385,0.521,17.02,21.53,7.774,0.673,0.189,-0.715,-0.296,0.955,-0.027,0.677,0.229,0.699,0.508,0.596,0.367,0.413,0.604,0.466,0.346,0.622,0.702,0.399,0.241,0.728,0.4,0.655,0.389,0.415,0.582,0.419,0.624,0.155,0.577,0.865,0.404,0.297,granule
36,muroDonnafugataPietre,116,185,1.639,0.017,0.436,-4.962,-0.165,-1.735,0.404,0.122,0.343,-0.064,-0.581,-0.048,0.485,0.343,0.55,31.432,22.097,15.022,0.329,-0.55,0.768,0.863,0.505,-0.008,-0.383,0.665,0.641,0.417,0.588,0.518,0.381,0.689,0.43,0.472,0.214,0.79,0.469,0.437,0.59,0.37,0.598,0.485,0.415,0.685,0.401,0.629,0.143,0.655,0.893,0.192,0.408,granule
37,muroDonnafugataPietre,72,100,0.947,0.014,0.434,-6.106,-0.187,-1.772,0.324,0.163,0.268,0.0,-0.606,0.052,0.443,0.295,0.588,13.761,8.714,6.78,0.387,0.512,-0.767,-0.863,0.494,-0.106,0.325,0.702,0.633,0.375,0.666,0.5,0.399,0.663,0.47,0.512,0.229,0.665,0.0,0.0,0.0,0.194,0.708,0.524,0.414,0.606,0.583,0.0,0.0,0.0,0.0,0.0,0.0,granule
38,muroDonnafugataPietre,79,118,0.907,0.012,0.366,-5.898,-0.144,-2.363,0.472,0.133,0.198,-0.031,-0.613,0.042,0.513,0.36,0.479,20.846,19.001,4.365,0.096,0.05,0.994,-0.995,0.007,0.096,-0.003,-0.999,0.051,0.308,0.727,0.434,0.435,0.725,0.375,0.712,0.346,0.473,0.817,0.328,0.473,0.387,0.728,0.429,0.452,0.63,0.435,0.652,0.296,0.584,0.0,0.0,0.0,granule
39,muroDonnafugataPietre,71,104,0.607,0.005,0.358,-6.12,-0.178,-2.991,0.306,0.082,0.193,0.076,-0.578,-0.109,0.435,0.384,0.558,8.388,8.101,3.067,0.189,0.144,0.971,-0.598,0.802,-0.003,-0.779,-0.58,0.238,0.337,0.69,0.497,0.256,0.765,0.483,0.542,0.354,0.671,0.573,0.263,0.733,0.354,0.651,0.48,0.379,0.704,0.437,0.35,0.173,0.86,0.628,0.119,0.769,granule
40,muroDonnafugataPietre,141,203,1.145,0.013,0.308,-6.048,-0.223,-3.756,0.244,0.176,0.309,-0.005,-0.51,0.043,0.513,0.453,0.52,18.098,21.977,12.37,0.985,0.174,0.002,-0.171,0.966,0.193,0.032,-0.191,0.981,0.407,0.681,0.41,0.504,0.587,0.401,0.616,0.339,0.467,0.539,0.4,0.623,0.428,0.667,0.407,0.386,0.69,0.441,0.405,0.419,0.629,0.544,0.433,0.463,granule
41,muroDonnafugataPietre,171,244,1.333,0.027,0.29,-5.057,-0.379,-4.015,0.424,0.321,0.198,0.035,-0.354,0.385,0.401,0.513,0.549,42.99,50.747,16.488,0.55,0.196,0.812,-0.834,0.17,0.524,-0.035,-0.966,0.258,0.348,0.5,0.567,0.313,0.636,0.542,0.443,0.668,0.452,0.293,0.392,0.789,0.345,0.694,0.428,0.321,0.571,0.587,0.436,0.266,0.717,0.282,0.326,0.828,granule
42,muroDonnafugataPietre,65,93,0.684,0.005,0.54,-5.264,-0.249,-3.233,0.211,0.072,0.298,-0.088,-0.691,0.002,0.492,0.307,0.423,6.186,8.668,3.153,0.986,0.014,-0.165,-0.011,1.0,0.021,0.166,-0.019,0.986,0.423,0.718,0.316,0.427,0.779,0.26,0.457,0.034,0.823,0.997,0.078,0.01,0.5,0.71,0.331,0.355,0.787,0.375,0.702,0.023,0.712,0.486,0.442,0.62,granule
43,muroDonnafugataPietre,73,102,0.892,0.009,0.442,-4.642,-0.27,-2.532,0.428,0.112,0.195,-0.102,-0.669,0.046,0.367,0.284,0.57,16.244,14.217,3.682,0.091,-0.094,-0.991,0.996,0.013,0.091,0.004,-0.996,0.094,0.341,0.62,0.492,0.349,0.637,0.517,0.44,0.041,0.897,0.0,0.0,0.0,0.282,0.586,0.585,0.181,0.923,0.198,0.0,0.0,0.0,0.0,0.0,0.0,granule
44,muroDonnafugataPietre,77,105,0.878,0.01,0.383,-3.658,-0.283,-2.26,0.454,0.1,0.216,-0.004,-0.607,-0.117,0.473,0.322,0.539,18.069,18.126,4.243,0.105,0.043,-0.994,-0.692,0.721,-0.042,0.715,0.692,0.105,0.37,0.634,0.501,0.329,0.608,0.569,0.476,0.126,0.682,0.27,0.623,0.734,0.447,0.599,0.452,0.349,0.756,0.354,0.0,0.0,0.0,0.677,0.078,0.731,granule
45,muroDonnafugataPietre,52,62,0.58,0.005,0.534,-4.381,-0.245,-3.012,0.368,0.08,0.176,-0.012,-0.643,-0.092,0.506,0.302,0.48,8.102,7.985,1.886,0.097,0.044,0.994,-0.768,0.639,0.047,-0.634,-0.768,0.096,0.54,0.599,0.302,0.359,0.771,0.286,0.684,0.199,0.661,0.0,0.0,0.0,0.386,0.626,0.484,0.342,0.721,0.435,0.0,0.0,0.0,0.0,0.0,0.0,granule
46,muroDonnafugataPietre,71,101,0.713,0.006,0.337,-4.662,-0.192,-3.498,0.285,0.128,0.171,0.051,-0.476,-0.143,0.448,0.36,0.649,8.165,6.054,3.816,0.192,0.411,0.891,-0.832,0.55,-0.075,-0.521,-0.727,0.447,0.309,0.607,0.603,0.377,0.462,0.688,0.575,0.252,0.631,0.09,0.081,0.993,0.373,0.552,0.603,0.401,0.617,0.494,0.375,0.322,0.869,0.15,0.346,0.847,granule
47,muroDonnafugataPietre,176,253,2.645,0.047,0.481,-2.743,-0.29,-3.714,0.963,0.141,0.343,-0.008,-0.677,-0.01,0.392,0.407,0.472,181.969,169.258,23.518,0.067,-0.016,0.998,0.843,0.535,-0.048,-0.533,0.845,0.049,0.283,0.781,0.296,0.224,0.845,0.316,0.546,0.25,0.649,0.54,0.545,0.392,0.339,0.682,0.437,0.21,0.827,0.339,0.7,0.2,0.569,0.403,0.298,0.691,pebble
48,muroDonnafugataPietre,89,112,1.282,0.048,0.386,-2.278,-0.186,-0.647,0.436,0.391,0.28,-0.202,-0.57,0.264,0.444,0.404,0.451,31.745,29.689,13.483,0.62,-0.357,-0.699,0.75,0.01,0.661,-0.229,-0.934,0.274,0.334,0.801,0.305,0.446,0.641,0.426,0.0,0.0,0.0,0.582,0.332,0.632,0.294,0.799,0.342,0.282,0.617,0.543,0.0,0.0,0.0,0.538,0.213,0.666,granule
49,muroDonnafugataPietre,125,185,2.442,0.032,0.43,-0.542,-0.46,-0.875,0.563,0.122,0.469,-0.03,-0.547,0.14,0.404,0.462,0.551,55.899,55.518,26.47,0.42,-0.348,0.838,0.66,0.751,-0.019,-0.623,0.561,0.545,0.208,0.802,0.349,0.289,0.677,0.465,0.991,0.106,0.081,0.413,0.318,0.739,0.214,0.758,0.404,0.372,0.594,0.477,0.538,0.358,0.676,0.576,0.262,0.633,pebble
50,muroDonnafugataPietre,84,126,1.069,0.012,0.455,-1.669,-0.418,-1.571,0.389,0.1,0.302,-0.022,-0.607,-0.179,0.497,0.392,0.445,19.793,13.718,8.922,0.249,-0.476,-0.844,0.882,0.472,-0.006,0.401,-0.742,0.537,0.44,0.655,0.403,0.349,0.75,0.265,0.387,0.71,0.462,0.128,0.757,0.597,0.434,0.601,0.532,0.374,0.766,0.24,0.582,0.339,0.689,0.71,0.66,0.246,granule
51,muroDonnafugataPietre,109,163,1.393,0.018,0.278,-2.766,-0.23,-1.795,0.338,0.17,0.321,-0.137,-0.426,0.049,0.511,0.441,0.585,23.58,15.183,14.939,0.47,-0.842,0.264,0.882,0.436,-0.178,0.035,0.317,0.948,0.292,0.652,0.517,0.581,0.407,0.546,0.494,0.472,0.635,0.634,0.211,0.595,0.335,0.597,0.531,0.365,0.74,0.367,0.739,0.238,0.485,0.615,0.373,0.448,granule
52,muroDonnafugataPietre,63,79,0.681,0.007,0.382,-2.292,-0.355,-2.281,0.327,0.105,0.218,-0.186,-0.546,-0.04,0.47,0.332,0.578,9.655,8.461,2.688,0.36,-0.204,0.911,0.687,0.718,-0.111,-0.631,0.666,0.398,0.56,0.375,0.549,0.359,0.643,0.462,0.72,0.177,0.596,0.999,0.02,0.03,0.38,0.649,0.56,0.26,0.777,0.401,0.249,0.05,0.955,0.0,0.0,0.0,granule
53,muroDonnafugataPietre,19,22,0.116,0.001,0.857,-2.545,-0.292,-2.743,0.132,0.058,0.122,-0.301,-0.617,0.024,0.43,0.434,0.394,0.586,0.573,0.202,0.594,-0.31,-0.742,0.662,0.713,0.232,0.457,-0.629,0.629,0.514,0.714,0.289,0.574,0.612,0.392,0.924,0.362,0.122,0.917,0.107,0.384,0.14,0.98,0.123,0.224,0.88,0.372,0.375,0.488,0.788,0.0,0.0,0.0,sand
54,muroDonnafugataPietre,103,161,1.452,0.014,0.336,-3.409,-0.266,-2.986,0.476,0.097,0.304,-0.147,-0.555,0.048,0.499,0.477,0.437,32.894,21.096,13.588,0.118,-0.498,-0.859,0.992,0.091,0.084,0.036,-0.862,0.505,0.504,0.64,0.292,0.345,0.703,0.419,0.76,0.368,0.335,0.714,0.209,0.481,0.22,0.853,0.255,0.372,0.701,0.402,0.332,0.546,0.644,0.03,0.968,0.25,granule
55,muroDonnafugataPietre,43,48,0.632,0.008,0.494,-2.02,-0.419,-2.824,0.317,0.083,0.286,-0.102,-0.702,0.113,0.424,0.339,0.436,6.362,7.335,2.584,0.577,-0.254,0.776,0.499,0.862,-0.089,-0.646,0.439,0.624,0.261,0.921,0.106,0.367,0.625,0.397,0.978,0.05,0.202,0.0,0.0,0.0,0.315,0.769,0.434,0.313,0.51,0.481,0.0,0.0,0.0,0.258,0.014,0.966,sand
56,muroDonnafugataPietre,39,58,0.359,0.003,0.331,-1.333,-0.438,-2.416,0.277,0.102,0.1,0.041,-0.505,-0.1,0.423,0.398,0.629,3.436,3.423,0.713,0.171,0.023,0.985,-0.969,0.186,0.164,-0.18,-0.982,0.054,0.315,0.606,0.532,0.33,0.768,0.411,0.741,0.132,0.659,0.357,0.182,0.671,0.283,0.582,0.664,0.307,0.611,0.582,0.326,0.284,0.686,0.891,0.114,0.439,sand
57,muroDonnafugataPietre,65,95,0.685,0.009,0.274,-1.084,-0.423,-2.026,0.287,0.141,0.212,-0.003,-0.451,0.098,0.419,0.441,0.645,7.571,8.898,2.643,0.57,0.085,0.817,-0.539,0.789,0.294,-0.62,-0.608,0.495,0.37,0.653,0.433,0.327,0.569,0.568,0.0,0.0,0.0,0.384,0.442,0.616,0.327,0.592,0.595,0.323,0.627,0.624,0.418,0.289,0.741,0.197,0.3,0.882,granule
58,muroDonnafugataPietre,168,278,3.806,0.049,0.491,-0.129,-0.372,-3.07,1.049,0.117,0.395,0.02,-0.643,-0.136,0.426,0.427,0.452,193.399,206.744,26.825,0.101,-0.021,0.995,0.572,0.819,-0.041,-0.814,0.573,0.094,0.249,0.747,0.342,0.191,0.816,0.333,0.69,0.425,0.455,0.907,0.208,0.321,0.232,0.705,0.403,0.461,0.683,0.236,0.592,0.22,0.536,0.601,0.42,0.458,pebble
59,muroDonnafugataPietre,90,114,0.63,0.004,0.298,-1.603,-0.577,-4.142,0.198,0.276,0.076,-0.023,-0.26,0.346,0.506,0.546,0.507,7.537,9.105,5.142,0.979,0.1,-0.178,0.113,0.46,0.881,0.169,-0.882,0.439,0.337,0.684,0.423,0.421,0.575,0.513,0.456,0.156,0.705,0.412,0.429,0.632,0.549,0.44,0.568,0.432,0.602,0.464,0.832,0.497,0.179,0.33,0.385,0.653,sand
60,muroDonnafugataPietre,51,66,0.691,0.01,0.438,-0.757,-0.325,-3.951,0.385,0.116,0.223,-0.097,-0.568,0.291,0.52,0.412,0.378,8.518,10.472,2.569,0.335,0.025,0.942,-0.45,0.882,0.137,-0.828,-0.47,0.306,0.658,0.386,0.239,0.522,0.57,0.404,0.86,0.51,0.023,0.719,0.235,0.418,0.567,0.552,0.408,0.204,0.792,0.379,0.0,0.0,0.0,0.451,0.203,0.667,granule
61,muroDonnafugataPietre,70,86,0.737,0.008,0.521,0.213,-0.33,-3.892,0.277,0.117,0.252,0.171,-0.611,-0.127,0.473,0.355,0.483,9.872,7.29,4.334,0.432,0.511,0.743,-0.881,0.417,0.226,-0.195,-0.752,0.63,0.355,0.449,0.711,0.233,0.885,0.289,0.383,0.556,0.505,0.99,0.102,0.097,0.458,0.597,0.466,0.444,0.707,0.359,0.886,0.163,0.434,0.959,0.199,0.202,granule
62,muroDonnafugataPietre,39,42,0.201,0.002,0.573,0.775,-0.331,-4.11,0.233,0.103,0.09,-0.043,-0.556,0.355,0.391,0.454,0.452,2.49,2.648,0.536,0.306,-0.107,-0.946,0.938,0.201,0.281,0.16,-0.974,0.162,0.351,0.854,0.114,0.335,0.672,0.556,0.197,0.479,0.843,0.0,0.0,0.0,0.0,0.0,0.0,0.312,0.737,0.452,0.527,0.549,0.564,0.307,0.209,0.912,sand
63,muroDonnafugataPietre,284,496,2.459,0.021,0.295,1.921,-0.339,-3.656,0.483,0.137,0.311,0.022,-0.486,0.031,0.525,0.466,0.519,79.565,90.459,28.165,0.314,0.097,0.944,-0.444,0.894,0.056,-0.839,-0.437,0.324,0.403,0.668,0.431,0.409,0.678,0.365,0.449,0.452,0.584,0.64,0.391,0.498,0.425,0.664,0.364,0.42,0.624,0.463,0.624,0.329,0.54,0.517,0.252,0.667,pebble
64,muroDonnafugataPietre,24,24,0.202,0.004,0.661,0.913,-0.216,-3.53,0.32,0.099,0.112,0.096,-0.753,-0.243,0.311,0.312,0.413,2.852,2.766,0.379,0.25,0.034,0.968,0.001,0.999,-0.036,-0.968,0.009,0.25,0.246,0.629,0.548,0.199,0.934,0.193,0.329,0.126,0.936,0.0,0.0,0.0,0.365,0.663,0.485,0.239,0.951,0.082,0.0,0.0,0.0,0.0,0.0,0.0,sand
65,muroDonnafugataPietre,45,63,0.283,0.005,0.252,1.061,-0.377,-3.91,0.18,0.17,0.16,0.03,-0.43,0.111,0.482,0.544,0.524,3.45,2.584,1.797,0.657,-0.301,-0.691,0.184,0.953,-0.241,0.731,0.031,0.681,0.448,0.673,0.42,0.314,0.68,0.434,0.543,0.678,0.349,0.583,0.477,0.562,0.482,0.626,0.443,0.34,0.701,0.459,0.265,0.162,0.947,0.576,0.452,0.591,sand
66,muroDonnafugataPietre,77,129,0.606,0.006,0.293,1.721,-0.282,-2.704,0.155,0.116,0.347,-0.118,-0.434,0.142,0.536,0.449,0.538,10.688,10.87,2.714,0.955,-0.291,-0.059,0.297,0.945,0.136,0.016,-0.148,0.989,0.486,0.686,0.295,0.519,0.576,0.432,0.374,0.356,0.738,0.638,0.29,0.523,0.361,0.656,0.46,0.287,0.63,0.629,0.643,0.362,0.551,0.587,0.23,0.667,sand
67,muroDonnafugataPietre,122,180,2.34,0.025,0.518,2.875,-0.401,-2.505,0.686,0.086,0.422,0.045,-0.739,-0.131,0.363,0.356,0.42,69.388,69.793,20.867,0.198,0.125,0.972,-0.603,0.797,0.02,-0.773,-0.591,0.233,0.205,0.788,0.368,0.393,0.618,0.41,0.233,0.413,0.804,0.0,0.0,0.0,0.179,0.841,0.25,0.367,0.749,0.348,0.294,0.174,0.921,0.726,0.314,0.43,pebble
68,muroDonnafugataPietre,56,77,0.749,0.008,0.484,3.316,-0.275,-3.319,0.366,0.115,0.194,-0.023,-0.665,-0.13,0.475,0.276,0.489,9.015,9.238,2.405,0.257,0.069,0.964,-0.496,0.866,0.07,-0.83,-0.496,0.257,0.475,0.657,0.408,0.5,0.677,0.345,0.0,0.0,0.0,0.0,0.0,0.0,0.332,0.632,0.604,0.336,0.806,0.349,0.0,0.0,0.0,0.026,0.795,0.606,granule
69,muroDonnafugataPietre,191,323,1.702,0.017,0.252,3.758,-0.333,-3.838,0.437,0.162,0.243,-0.016,-0.382,0.074,0.416,0.483,0.665,44.581,48.248,12.553,0.345,0.046,0.937,-0.527,0.836,0.153,-0.777,-0.547,0.313,0.303,0.672,0.482,0.301,0.459,0.657,0.403,0.376,0.715,0.462,0.354,0.683,0.26,0.612,0.558,0.303,0.618,0.521,0.365,0.427,0.714,0.43,0.275,0.757,pebble
70,muroDonnafugataPietre,246,410,1.861,0.019,0.24,5.124,-0.474,-3.934,0.353,0.236,0.224,-0.078,-0.346,0.225,0.511,0.547,0.512,49.974,35.855,27.498,0.372,-0.661,-0.652,0.837,-0.066,0.544,-0.403,-0.748,0.528,0.435,0.664,0.363,0.385,0.656,0.441,0.624,0.34,0.508,0.471,0.414,0.604,0.432,0.656,0.381,0.406,0.583,0.528,0.647,0.398,0.387,0.43,0.432,0.66,pebble
71,muroDonnafugataPietre,334,586,3.786,0.028,0.444,5.09,-0.322,-2.644,0.555,0.084,0.604,-0.039,-0.736,-0.022,0.397,0.373,0.399,190.871,164.388,99.151,0.625,-0.703,0.341,0.756,0.653,-0.039,-0.195,0.282,0.939,0.275,0.792,0.348,0.331,0.809,0.276,0.571,0.442,0.438,0.473,0.406,0.611,0.288,0.825,0.289,0.3,0.831,0.29,0.482,0.426,0.578,0.504,0.456,0.554,pebble
72,muroDonnafugataPietre,26,32,0.278,0.002,0.49,4.18,-0.347,-2.163,0.188,0.066,0.193,0.157,-0.646,0.094,0.34,0.366,0.547,1.632,1.869,0.504,0.71,0.166,0.684,-0.347,0.928,0.135,-0.612,-0.333,0.717,0.042,0.986,0.149,0.28,0.651,0.633,0.0,0.0,0.0,0.261,0.317,0.912,0.269,0.753,0.36,0.483,0.639,0.542,0.194,0.556,0.808,0.0,0.0,0.0,sand
73,muroDonnafugataPietre,104,157,1.809,0.026,0.435,0.059,-0.434,-1.799,0.527,0.129,0.375,0.04,-0.661,-0.076,0.464,0.354,0.464,40.399,33.959,16.151,0.229,0.27,0.935,-0.8,0.6,0.023,-0.555,-0.753,0.353,0.322,0.739,0.355,0.334,0.709,0.412,0.27,0.264,0.734,0.87,0.083,0.486,0.386,0.681,0.346,0.327,0.788,0.314,0.609,0.126,0.616,0.298,0.287,0.91,granule
74,muroDonnafugataPietre,130,196,2.037,0.029,0.434,1.345,-0.446,-1.757,0.396,0.146,0.505,-0.079,-0.617,-0.069,0.5,0.396,0.449,37.33,53.548,21.704,0.966,0.182,-0.184,-0.212,0.964,-0.159,0.149,0.192,0.97,0.421,0.654,0.304,0.471,0.583,0.363,0.74,0.385,0.301,0.985,0.082,0.154,0.254,0.788,0.351,0.424,0.63,0.424,0.404,0.375,0.576,0.459,0.698,0.55,pebble
75,muroDonnafugataPietre,13,10,0.106,0.001,0.963,0.821,-0.419,-1.699,0.074,0.083,0.214,-0.149,-0.767,-0.326,0.275,0.283,0.356,0.688,0.716,0.107,0.994,-0.106,-0.029,0.093,0.952,-0.293,0.058,0.289,0.956,0.321,0.705,0.406,0.126,0.979,0.142,0.0,0.0,0.0,0.0,0.0,0.0,0.341,0.742,0.557,0.0,0.0,0.0,0.0,0.0,0.0,0.0,0.0,0.0,silt
76,muroDonnafugataPietre,23,24,0.23,0.001,0.593,0.673,-0.55,-1.071,0.165,0.029,0.167,0.002,-0.738,-0.021,0.435,0.415,0.305,0.889,1.239,0.45,0.729,0.178,-0.661,-0.269,0.962,-0.037,0.63,0.205,0.749,0.408,0.809,0.082,0.665,0.605,0.439,0.728,0.179,0.56,0.0,0.0,0.0,0.201,0.945,0.184,0.299,0.895,0.267,0.0,0.0,0.0,0.617,0.456,0.642,sand
77,muroDonnafugataPietre,50,61,0.448,0.007,0.398,2.396,-0.259,-0.971,0.24,0.163,0.174,-0.145,-0.507,0.054,0.535,0.335,0.566,4.675,4.376,2.41,0.505,-0.058,-0.861,0.227,0.971,0.068,0.833,-0.23,0.504,0.496,0.578,0.45,0.469,0.501,0.427,0.0,0.0,0.0,0.847,0.326,0.421,0.31,0.541,0.595,0.412,0.573,0.497,0.897,0.341,0.182,0.0,0.0,0.0,sand
78,muroDonnafugataPietre,63,100,0.594,0.004,0.302,3.207,-0.188,-0.959,0.281,0.104,0.145,-0.043,-0.428,-0.251,0.474,0.466,0.557,6.334,5.639,2.016,0.117,0.095,0.989,-0.604,0.797,-0.005,-0.788,-0.597,0.15,0.315,0.567,0.639,0.481,0.603,0.473,0.589,0.198,0.603,0.741,0.569,0.096,0.281,0.6,0.563,0.328,0.769,0.369,0.519,0.309,0.612,0.523,0.425,0.686,sand
79,muroDonnafugataPietre,91,126,1.503,0.033,0.373,2.654,-0.38,-1.467,0.51,0.194,0.331,0.101,-0.511,0.21,0.408,0.422,0.583,30.717,34.231,9.273,0.441,0.103,-0.892,0.031,0.991,0.13,0.897,-0.085,0.433,0.196,0.882,0.242,0.386,0.713,0.301,0.63,0.314,0.544,0.778,0.515,0.321,0.345,0.728,0.435,0.335,0.373,0.762,0.488,0.494,0.298,0.411,0.333,0.687,pebble
80,muroDonnafugataPietre,138,204,1.696,0.027,0.269,3.939,-0.284,-1.337,0.401,0.171,0.387,-0.013,-0.395,0.166,0.574,0.459,0.526,41.586,31.828,20.442,0.482,0.593,-0.645,-0.758,0.651,0.032,0.439,0.474,0.763,0.445,0.597,0.263,0.63,0.457,0.357,0.608,0.25,0.577,0.795,0.3,0.326,0.247,0.727,0.442,0.438,0.514,0.573,0.456,0.65,0.314,0.531,0.265,0.679,pebble
81,muroDonnafugataPietre,112,157,1.545,0.021,0.447,4.68,-0.19,-0.798,0.483,0.125,0.342,0.01,-0.65,-0.096,0.38,0.425,0.493,30.431,36.703,14.749,0.321,0.148,0.936,-0.398,0.917,-0.009,-0.86,-0.369,0.353,0.387,0.526,0.565,0.311,0.725,0.355,0.565,0.396,0.572,0.0,0.0,0.0,0.285,0.764,0.362,0.201,0.855,0.28,0.453,0.506,0.621,0.732,0.137,0.667,pebble
82,muroDonnafugataPietre,65,88,0.661,0.01,0.222,4.456,-0.23,-0.109,0.319,0.136,0.239,0.115,-0.394,0.077,0.481,0.446,0.629,10.145,10.548,2.303,0.572,0.099,0.814,-0.487,0.84,0.24,-0.66,-0.533,0.529,0.38,0.699,0.399,0.292,0.448,0.676,0.631,0.403,0.542,0.179,0.34,0.828,0.446,0.504,0.638,0.355,0.64,0.415,0.648,0.332,0.469,0.639,0.199,0.573,granule
83,muroDonnafugataPietre,84,115,0.694,0.007,0.459,5.646,-0.261,-0.201,0.248,0.101,0.278,0.008,-0.611,-0.153,0.553,0.356,0.413,11.032,9.409,4.563,0.612,-0.586,-0.531,0.64,0.761,-0.104,0.465,-0.277,0.841,0.363,0.771,0.32,0.487,0.596,0.431,0.657,0.158,0.449,0.765,0.154,0.622,0.515,0.641,0.361,0.428,0.661,0.333,0.694,0.161,0.671,0.976,0.145,0.09,granule
84,muroDonnafugataPietre,80,101,0.782,0.011,0.615,5.539,-0.322,-1.173,0.318,0.104,0.318,-0.221,-0.784,0.076,0.309,0.288,0.39,16.306,9.969,7.871,0.395,-0.769,0.503,0.886,0.463,0.012,-0.242,0.441,0.864,0.279,0.891,0.177,0.315,0.724,0.394,0.924,0.263,0.278,0.985,0.136,0.105,0.219,0.809,0.309,0.07,0.902,0.304,0.634,0.111,0.766,0.0,0.0,0.0,granule
1,muroDonnafugataPietre,536,926,5.714,0.136,0.348,-5.514,1.018,3.355,0.77,0.417,0.423,-0.011,-0.347,0.097,0.631,0.449,0.521,430.762,399.231,183.939,0.275,0.278,0.92,-0.957,-0.01,0.289,0.09,-0.96,0.263,0.451,0.563,0.461,0.583,0.52,0.494,0.711,0.414,0.327,0.643,0.36,0.434,0.543,0.511,0.446,0.486,0.596,0.393,0.753,0.282,0.433,0.596,0.336,0.501,boulder
2,muroDonnafugataPietre,282,451,3.551,0.073,0.385,-3.969,0.885,3.046,0.551,0.221,0.603,-0.181,-0.481,0.167,0.548,0.382,0.511,170.719,178.412,54.412,0.709,-0.306,0.636,0.333,0.939,0.081,-0.622,0.154,0.768,0.607,0.453,0.456,0.518,0.568,0.458,0.635,0.341,0.439,0.551,0.224,0.696,0.492,0.546,0.487,0.363,0.707,0.413,0.744,0.342,0.35,0.207,0.43,0.698,cobble
3,muroDonnafugataPietre,329,569,5.54,0.137,0.355,-2.354,0.428,3.111,0.685,0.35,0.573,-0.31,-0.456,0.006,0.532,0.435,0.474,284.039,182.252,138.778,0.418,-0.512,0.751,0.895,0.376,-0.242,-0.158,0.773,0.615,0.605,0.513,0.41,0.465,0.612,0.376,0.789,0.269,0.374,0.791,0.261,0.393,0.378,0.637,0.397,0.375,0.722,0.367,0.599,0.425,0.491,0.47,0.487,0.541,cobble
4,muroDonnafugataPietre,396,618,6.873,0.275,0.421,1.595,0.4,2.983,0.87,0.44,0.718,-0.048,-0.402,0.15,0.61,0.418,0.516,488.021,504.166,168.89,0.595,-0.101,0.798,0.055,0.995,0.084,-0.802,-0.006,0.597,0.565,0.444,0.449,0.555,0.542,0.438,0.56,0.296,0.642,0.67,0.257,0.528,0.54,0.572,0.379,0.418,0.559,0.564,0.681,0.291,0.437,0.732,0.244,0.378,boulder
5,muroDonnafugataPietre,334,556,4.618,0.101,0.314,-0.003,0.544,3.006,0.558,0.295,0.615,0.092,-0.416,0.129,0.532,0.407,0.594,201.812,208.967,108.37,0.739,0.442,0.508,-0.598,0.777,0.195,-0.309,-0.448,0.839,0.433,0.58,0.527,0.366,0.571,0.566,0.643,0.24,0.539,0.497,0.301,0.636,0.595,0.421,0.501,0.421,0.595,0.526,0.662,0.308,0.454,0.443,0.313,0.692,pebble
6,muroDonnafugataPietre,321,523,4.273,0.159,0.394,3.515,0.605,2.781,0.496,0.416,0.77,-0.062,-0.467,0.177,0.519,0.415,0.552,281.787,283.337,83.698,0.896,-0.19,0.402,0.075,0.956,0.284,-0.438,-0.224,0.871,0.444,0.653,0.42,0.453,0.542,0.544,0.547,0.231,0.607,0.488,0.325,0.653,0.416,0.625,0.476,0.466,0.609,0.502,0.668,0.444,0.339,0.333,0.346,0.685,cobble
7,muroDonnafugataPietre,268,434,3.984,0.119,0.412,5.074,0.31,3.207,0.481,0.399,0.619,-0.035,-0.49,0.159,0.549,0.376,0.539,170.511,169.542,75.125,0.835,-0.47,0.285,0.333,0.845,0.418,-0.438,-0.254,0.863,0.342,0.577,0.504,0.559,0.538,0.411,0.502,0.864,0.04,0.451,0.461,0.607,0.483,0.569,0.462,0.405,0.591,0.55,0.571,0.312,0.636,0.445,0.474,0.632,pebble
8,muroDonnafugataPietre,311,518,5.639,0.127,0.506,-5.387,0.191,1.247,0.82,0.194,0.795,-0.011,-0.565,0.235,0.362,0.442,0.546,324.758,399.782,110.334,0.675,-0.155,0.721,0.165,0.985,0.057,-0.719,0.08,0.69,0.247,0.786,0.331,0.24,0.627,0.545,0.464,0.313,0.667,0.475,0.38,0.597,0.267,0.805,0.303,0.249,0.573,0.58,0.576,0.56,0.434,0.431,0.357,0.633,cobble
9,muroDonnafugataPietre,174,253,3.775,0.099,0.462,-2.564,-0.007,1.366,0.611,0.243,0.665,-0.1,-0.574,0.272,0.378,0.443,0.498,123.477,111.316,69.732,0.685,-0.693,0.226,0.664,0.721,0.2,-0.301,0.013,0.953,0.319,0.725,0.324,0.26,0.706,0.418,0.52,0.325,0.698,0.319,0.237,0.848,0.417,0.586,0.384,0.201,0.631,0.505,0.688,0.468,0.456,0.457,0.317,0.669,cobble
10,muroDonnafugataPietre,265,398,3.087,0.093,0.31,-0.419,0.272,1.75,0.532,0.483,0.36,0.191,-0.319,-0.011,0.539,0.494,0.573,142.64,140.172,59.544,0.672,0.173,0.72,-0.74,0.206,0.641,-0.037,-0.963,0.266,0.41,0.539,0.498,0.419,0.616,0.454,0.518,0.556,0.435,0.44,0.375,0.665,0.399,0.443,0.576,0.427,0.597,0.439,0.775,0.357,0.307,0.661,0.304,0.451,pebble
11,muroDonnafugataPietre,92,133,1.027,0.022,0.252,0.773,0.145,1.311,0.227,0.388,0.248,-0.15,-0.309,0.133,0.574,0.521,0.513,20.825,19.661,7.985,0.924,-0.36,-0.131,0.264,0.349,0.899,-0.278,-0.865,0.417,0.548,0.666,0.352,0.532,0.557,0.318,0.624,0.495,0.417,0.48,0.369,0.638,0.364,0.629,0.562,0.471,0.565,0.508,0.555,0.537,0.377,0.616,0.285,0.598,granule
12,muroDonnafugataPietre,113,144,1.406,0.032,0.284,1.857,-0.254,1.585,0.395,0.285,0.284,-0.049,-0.448,0.256,0.412,0.429,0.615,25.103,30.388,16.471,0.639,0.026,-0.768,0.426,0.82,0.382,0.64,-0.571,0.513,0.473,0.517,0.459,0.301,0.639,0.492,0.22,0.726,0.651,0.241,0.207,0.894,0.324,0.579,0.581,0.268,0.553,0.628,0.0,0.0,0.0,0.319,0.349,0.777,granule
13,muroDonnafugataPietre,320,448,4.081,0.128,0.275,3.784,-0.142,1.503,0.62,0.512,0.404,0.082,-0.296,0.202,0.424,0.528,0.637,208.326,159.895,150.023,0.565,0.615,-0.549,-0.342,0.781,0.523,0.751,-0.107,0.652,0.352,0.536,0.559,0.246,0.603,0.545,0.516,0.3,0.675,0.204,0.342,0.813,0.293,0.684,0.434,0.344,0.477,0.626,0.557,0.55,0.371,0.419,0.357,0.666,cobble
14,muroDonnafugataPietre,181,278,3.91,0.055,0.484,2.978,-0.421,0.215,0.625,0.125,0.703,0.007,-0.628,-0.059,0.371,0.432,0.526,95.569,157.811,72.858,0.975,-0.187,-0.116,0.194,0.98,0.052,0.104,-0.074,0.992,0.334,0.552,0.549,0.175,0.824,0.295,0.315,0.373,0.691,0.286,0.355,0.691,0.303,0.656,0.433,0.205,0.852,0.249,0.663,0.2,0.605,0.228,0.405,0.778,cobble
15,muroDonnafugataPietre,126,181,1.462,0.042,0.255,5.407,0.09,1.272,0.295,0.471,0.3,-0.259,-0.363,0.181,0.491,0.427,0.587,44.28,44.162,12.013,0.911,0.172,-0.374,0.234,0.529,0.815,0.338,-0.831,0.442,0.395,0.471,0.581,0.498,0.523,0.4,0.573,0.175,0.735,0.628,0.203,0.611,0.396,0.587,0.416,0.258,0.59,0.644,0.407,0.375,0.748,0.392,0.315,0.763,pebble
16,muroDonnafugataPietre,122,168,1.484,0.026,0.391,5.081,-0.27,0.534,0.525,0.165,0.297,-0.013,-0.557,0.031,0.403,0.437,0.579,45.521,35.161,14.854,0.151,-0.233,0.961,0.961,0.261,-0.088,-0.23,0.937,0.263,0.296,0.611,0.484,0.265,0.725,0.383,0.284,0.238,0.907,0.492,0.225,0.813,0.422,0.474,0.575,0.254,0.728,0.435,0.338,0.346,0.694,0.612,0.416,0.398,cobble
17,muroDonnafugataPietre,144,217,2.258,0.038,0.347,1.553,-0.442,0.495,0.492,0.18,0.425,-0.018,-0.474,-0.057,0.516,0.446,0.554,56.551,48.587,25.793,0.435,-0.433,0.789,0.665,0.746,0.043,-0.607,0.506,0.613,0.34,0.545,0.557,0.387,0.637,0.419,0.337,0.294,0.736,0.745,0.3,0.382,0.518,0.56,0.459,0.335,0.689,0.374,0.441,0.404,0.661,0.316,0.603,0.685,pebble
18,muroDonnafugataPietre,151,208,1.912,0.051,0.27,-0.285,-0.13,1.015,0.4,0.375,0.342,-0.139,-0.339,0.192,0.525,0.45,0.591,47.996,53.351,24.636,0.795,-0.178,0.579,-0.251,0.774,0.582,-0.552,-0.608,0.571,0.593,0.408,0.484,0.41,0.456,0.609,0.888,0.117,0.35,0.425,0.311,0.637,0.372,0.539,0.616,0.386,0.641,0.447,0.654,0.434,0.313,0.56,0.418,0.541,pebble
19,muroDonnafugataPietre,108,178,1.137,0.013,0.165,-1.331,-0.144,0.925,0.31,0.166,0.253,0.067,-0.267,0.049,0.495,0.436,0.698,15.653,18.049,6.835,0.606,-0.032,0.794,-0.231,0.949,0.215,-0.761,-0.314,0.568,0.48,0.421,0.631,0.342,0.535,0.641,0.642,0.392,0.395,0.404,0.303,0.757,0.433,0.39,0.741,0.448,0.498,0.562,0.421,0.374,0.664,0.491,0.369,0.608,granule
20,muroDonnafugataPietre,94,129,1.68,0.022,0.473,1.138,-0.457,-0.483,0.64,0.108,0.324,-0.057,-0.682,-0.034,0.433,0.396,0.432,40.621,48.389,9.962,0.184,-0.001,-0.983,-0.003,1.0,-0.002,0.983,0.003,0.184,0.479,0.617,0.341,0.24,0.776,0.314,0.672,0.176,0.588,0.611,0.041,0.526,0.272,0.828,0.313,0.193,0.836,0.334,0.0,0.0,0.0,0.598,0.524,0.46,pebble
21,muroDonnafugataPietre,118,177,1.708,0.026,0.334,0.206,-0.38,0.264,0.439,0.19,0.309,0.048,-0.444,0.002,0.536,0.417,0.583,30.17,32.371,14.016,0.374,0.157,0.914,-0.598,0.794,0.109,-0.709,-0.587,0.391,0.374,0.496,0.564,0.346,0.542,0.565,0.657,0.484,0.25,0.904,0.413,0.112,0.261,0.692,0.514,0.538,0.452,0.436,0.811,0.36,0.198,0.648,0.226,0.561,pebble
